N,opt_ticks,zephyr_ticks,delta_abs,delta_rel_pct,platform,kernel
4,3288.0,824.0,-2464.0,-299.02912621359224,max32690,conv2d_small
16,4091.0,1592.0,-2499.0,-156.97236180904522,max32690,conv2d_small
64,7307.0,4664.0,-2643.0,-56.66809605488851,max32690,conv2d_small
256,20188.0,16952.0,-3236.0,-19.089193015573382,max32690,conv2d_small
1024,71669.0,66130.0,-5539.0,-8.375926205957962,max32690,conv2d_small
4,1726.0,121.0,-1605.0,-1326.4462809917354,max32690,dot_product
16,1776.0,171.0,-1605.0,-938.5964912280702,max32690,dot_product
64,1980.0,375.0,-1605.0,-428.0,max32690,dot_product
256,2796.0,1191.0,-1605.0,-134.76070528967256,max32690,dot_product
1024,6060.0,4456.0,-1604.0,-35.99640933572711,max32690,dot_product
4,2659.0,526.0,-2133.0,-405.51330798479086,max32690,mat_mul
16,3600.0,1467.0,-2133.0,-145.39877300613497,max32690,mat_mul
64,8048.0,5928.0,-2120.0,-35.76248313090418,max32690,mat_mul
256,32629.0,30496.0,-2133.0,-6.994359916054564,max32690,mat_mul
1024,187546.0,185411.0,-2135.0,-1.1514958659410715,max32690,mat_mul
4,1892.0,334.0,-1558.0,-466.4670658682635,max32690,rmsnorm
16,2027.0,468.0,-1559.0,-333.11965811965814,max32690,rmsnorm
64,2567.0,1009.0,-1558.0,-154.41030723488603,max32690,rmsnorm
256,4727.0,3181.0,-1546.0,-48.60106884627476,max32690,rmsnorm
1024,13381.0,11809.0,-1572.0,-13.311880768905072,max32690,rmsnorm
4,3804.0,2285.0,-1519.0,-66.47702407002188,max32690,softmax
16,9780.0,8189.0,-1591.0,-19.42850164855294,max32690,softmax
64,33713.0,31833.0,-1880.0,-5.905821003361292,max32690,softmax
256,129380.0,126333.0,-3047.0,-2.411879714722202,max32690,softmax
1024,512020.0,504368.0,-7652.0,-1.517146210703296,max32690,softmax
4,1237.0,73.0,-1164.0,-1594.5205479452054,max32690,vec_abs
16,1336.0,187.0,-1149.0,-614.4385026737968,max32690,vec_abs
64,1733.0,569.0,-1164.0,-204.56942003514936,max32690,vec_abs
256,3318.0,2154.0,-1164.0,-54.038997214484674,max32690,vec_abs
1024,9661.0,8510.0,-1151.0,-13.52526439482961,max32690,vec_abs
4,1678.0,74.0,-1604.0,-2167.5675675675675,max32690,vec_add
16,1723.0,119.0,-1604.0,-1347.8991596638655,max32690,vec_add
64,1903.0,299.0,-1604.0,-536.4548494983278,max32690,vec_add
256,2623.0,1018.0,-1605.0,-157.66208251473478,max32690,vec_add
1024,5503.0,3898.0,-1605.0,-41.17496151872756,max32690,vec_add
4,1697.0,92.0,-1605.0,-1744.5652173913043,max32690,vec_mul
16,1792.0,188.0,-1604.0,-853.1914893617021,max32690,vec_mul
64,2176.0,572.0,-1604.0,-280.4195804195804,max32690,vec_mul
256,3728.0,2108.0,-1620.0,-76.85009487666035,max32690,vec_mul
1024,9870.0,8265.0,-1605.0,-19.419237749546276,max32690,vec_mul
4,2708.0,166.0,-2542.0,-1531.3253012048194,qemu_cortex_a53,conv2d_small
16,3052.0,510.0,-2542.0,-498.4313725490196,qemu_cortex_a53,conv2d_small
64,4394.0,1846.0,-2548.0,-138.0281690140845,qemu_cortex_a53,conv2d_small
256,9658.0,7115.0,-2543.0,-35.741391426563595,qemu_cortex_a53,conv2d_small
1024,30560.0,28017.0,-2543.0,-9.076632044829925,qemu_cortex_a53,conv2d_small
4,2149.0,43.0,-2106.0,-4897.674418604651,qemu_cortex_a53,dot_product
16,2173.0,67.0,-2106.0,-3143.2835820895525,qemu_cortex_a53,dot_product
64,2275.0,169.0,-2106.0,-1246.1538461538462,qemu_cortex_a53,dot_product
256,2689.0,577.0,-2112.0,-366.03119584055463,qemu_cortex_a53,dot_product
1024,4321.0,2209.0,-2112.0,-95.60887279311906,qemu_cortex_a53,dot_product
4,2636.0,268.0,-2368.0,-883.5820895522388,qemu_cortex_a53,mat_mul
16,3104.0,730.0,-2374.0,-325.20547945205476,qemu_cortex_a53,mat_mul
64,5548.0,3174.0,-2374.0,-74.79521109010712,qemu_cortex_a53,mat_mul
256,19172.0,16803.0,-2369.0,-14.098672856037611,qemu_cortex_a53,mat_mul
1024,105597.0,103229.0,-2368.0,-2.293929031570586,qemu_cortex_a53,mat_mul
4,2144.0,88.0,-2056.0,-2336.3636363636365,qemu_cortex_a53,rmsnorm
16,2212.0,156.0,-2056.0,-1317.9487179487178,qemu_cortex_a53,rmsnorm
64,2572.0,516.0,-2056.0,-398.4496124031008,qemu_cortex_a53,rmsnorm
256,4012.0,1956.0,-2056.0,-105.11247443762781,qemu_cortex_a53,rmsnorm
1024,9778.0,7721.0,-2057.0,-26.641626732288564,qemu_cortex_a53,rmsnorm
4,2234.0,172.0,-2062.0,-1198.8372093023256,qemu_cortex_a53,softmax
16,2380.0,324.0,-2056.0,-634.5679012345679,qemu_cortex_a53,softmax
64,3232.0,1176.0,-2056.0,-174.8299319727891,qemu_cortex_a53,softmax
256,6640.0,4584.0,-2056.0,-44.85165794066317,qemu_cortex_a53,softmax
1024,20278.0,18227.0,-2051.0,-11.25253744445054,qemu_cortex_a53,softmax
4,1920.0,20.0,-1900.0,-9500.0,qemu_cortex_a53,vec_abs
16,1947.0,47.0,-1900.0,-4042.553191489362,qemu_cortex_a53,vec_abs
64,2055.0,155.0,-1900.0,-1225.8064516129032,qemu_cortex_a53,vec_abs
256,2487.0,592.0,-1895.0,-320.10135135135135,qemu_cortex_a53,vec_abs
1024,4215.0,2315.0,-1900.0,-82.07343412526998,qemu_cortex_a53,vec_abs
4,2133.0,27.0,-2106.0,-7800.0,qemu_cortex_a53,vec_add
16,2163.0,57.0,-2106.0,-3694.736842105263,qemu_cortex_a53,vec_add
64,2283.0,177.0,-2106.0,-1189.8305084745764,qemu_cortex_a53,vec_add
256,2763.0,657.0,-2106.0,-320.54794520547944,qemu_cortex_a53,vec_add
1024,4689.0,2582.0,-2107.0,-81.6034082106894,qemu_cortex_a53,vec_add
4,2139.0,27.0,-2112.0,-7822.222222222223,qemu_cortex_a53,vec_mul
16,2163.0,57.0,-2106.0,-3694.736842105263,qemu_cortex_a53,vec_mul
64,2283.0,177.0,-2106.0,-1189.8305084745764,qemu_cortex_a53,vec_mul
256,2763.0,657.0,-2106.0,-320.54794520547944,qemu_cortex_a53,vec_mul
1024,4683.0,2577.0,-2106.0,-81.72293364377182,qemu_cortex_a53,vec_mul
4,235.0,72.0,-163.0,-226.38888888888889,riscv32,conv2d_small
16,326.0,163.0,-163.0,-100.0,riscv32,conv2d_small
64,691.0,528.0,-163.0,-30.87121212121212,riscv32,conv2d_small
256,2153.0,1987.0,-166.0,-8.354302969300454,riscv32,conv2d_small
1024,7991.0,7829.0,-162.0,-2.0692297866905096,riscv32,conv2d_small
4,117.0,14.0,-103.0,-735.7142857142857,riscv32,dot_product
16,127.0,24.0,-103.0,-429.1666666666667,riscv32,dot_product
64,179.0,76.0,-103.0,-135.5263157894737,riscv32,dot_product
256,385.0,282.0,-103.0,-36.52482269503546,riscv32,dot_product
1024,1211.0,1108.0,-103.0,-9.296028880866427,riscv32,dot_product
4,181.0,40.0,-141.0,-352.5,riscv32,mat_mul
16,308.0,166.0,-142.0,-85.54216867469879,riscv32,mat_mul
64,1231.0,1089.0,-142.0,-13.039485766758494,riscv32,mat_mul
256,8134.0,7990.0,-144.0,-1.802252816020025,riscv32,mat_mul
1024,61553.0,61410.0,-143.0,-0.23286109754111708,riscv32,mat_mul
4,233.0,140.0,-93.0,-66.42857142857143,riscv32,rmsnorm
16,260.0,159.0,-101.0,-63.52201257861635,riscv32,rmsnorm
64,375.0,274.0,-101.0,-36.86131386861314,riscv32,rmsnorm
256,835.0,738.0,-97.0,-13.143631436314362,riscv32,rmsnorm
1024,2679.0,2583.0,-96.0,-3.7166085946573753,riscv32,rmsnorm
4,369.0,275.0,-94.0,-34.18181818181818,riscv32,softmax
16,1069.0,975.0,-94.0,-9.64102564102564,riscv32,softmax
64,3867.0,3772.0,-95.0,-2.518557794273595,riscv32,softmax
256,15066.0,14970.0,-96.0,-0.6412825651302605,riscv32,softmax
1024,60373.0,60280.0,-93.0,-0.15428002654280026,riscv32,softmax
4,82.0,8.0,-74.0,-925.0,riscv32,vec_abs
16,92.0,17.0,-75.0,-441.1764705882353,riscv32,vec_abs
64,134.0,59.0,-75.0,-127.11864406779661,riscv32,vec_abs
256,302.0,228.0,-74.0,-32.45614035087719,riscv32,vec_abs
1024,974.0,901.0,-73.0,-8.102108768035517,riscv32,vec_abs
4,114.0,11.0,-103.0,-936.3636363636364,riscv32,vec_add
16,127.0,24.0,-103.0,-429.1666666666667,riscv32,vec_add
64,189.0,86.0,-103.0,-119.76744186046511,riscv32,vec_add
256,433.0,330.0,-103.0,-31.212121212121215,riscv32,vec_add
1024,1413.0,1310.0,-103.0,-7.862595419847327,riscv32,vec_add
4,113.0,10.0,-103.0,-1030.0,riscv32,vec_mul
16,124.0,21.0,-103.0,-490.4761904761905,riscv32,vec_mul
64,177.0,74.0,-103.0,-139.1891891891892,riscv32,vec_mul
256,388.0,285.0,-103.0,-36.140350877192986,riscv32,vec_mul
1024,1233.0,1130.0,-103.0,-9.115044247787612,riscv32,vec_mul
